{
  "site_area_total": 459954.26142868324,
  "site_roads_area": 20913.887953741854
}
