{
  "road_len_art_100": 0,
  "road_len_sec_100": 1021.4006678569561,
  "road_len_loc_100": 3587.47398699943,
  "road_len_art_50": 1456.277869162059,
  "road_len_sec_50": 218.2695469562899,
  "road_len_loc_50": 0,
  "open_art_art_area": 0,
  "open_art_sec_area": 0,
  "open_art_loc_area": 0,
  "open_art_area": 0,
  "open_sec_sec_area": 0,
  "open_sec_loc_area": 0,
  "open_sec_area": 0,
  "open_loc_loc_area": 1846.103728801682,
  "open_loc_area": 7087.862490576106,
  "open_og_clus0_on_art_area": 0,
  "open_og_clus0_on_sec_area": 0,
  "open_og_clus0_on_loc_area": 8407.94615025622,
  "open_og_clus1_on_loc_area": 0,
  "open_og_clus2_on_loc_area": 4241.19641453393,
  "open_total_area": 21583.10878416794,
  "amen_art_art_area": 0,
  "amen_art_sec_area": 0,
  "amen_art_loc_area": 0,
  "amen_art_area": 0,
  "amen_sec_sec_area": 0,
  "amen_sec_loc_area": 0,
  "amen_sec_area": 0,
  "amen_loc_loc_area": 1.2409643090904865e-8,
  "amen_loc_area": 9280.035552658363,
  "amen_og_clus0_on_art_area": 0,
  "amen_og_clus0_on_sec_area": 0,
  "amen_og_clus0_on_loc_area": 19312.721409492566,
  "amen_og_clus1_on_loc_area": 8300.764957094158,
  "amen_og_clus2_on_loc_area": 7879.921208463766,
  "amen_total_area": 44353.443127783336,
  "lot_art_art_area": 0,
  "lot_art_sec_area": 6392.595336687838,
  "lot_art_loc_area": 15949.114457325002,
  "lot_art_area": 28334.61863913076,
  "lot_sec_sec_area": 0,
  "lot_sec_loc_area": 14546.563248130316,
  "lot_sec_area": 38018.656909223755,
  "lot_loc_loc_area": 25809.77145891319,
  "lot_loc_area": 89539.15378443524,
  "og_clus0_on_art_area": 0,
  "og_clus0_on_sec_area": 0,
  "og_clus0_on_loc_area": 19383.18084687231,
  "og_clus1_on_loc_area": 31850.225926773535,
  "og_clus2_on_loc_area": 42495.198851954934,
  "lot_art_art_num": 0,
  "lot_art_sec_num": 5,
  "lot_art_loc_num": 20,
  "lot_art_num": 20,
  "lot_sec_sec_num": 0,
  "lot_sec_loc_num": 24,
  "lot_sec_num": 68,
  "lot_loc_loc_num": 68,
  "lot_loc_num": 472,
  "road_area_art": 12813.152887745719,
  "road_area_sec": 16225.400453313649,
  "road_area_loc": 48867.3502938919,
  "og_clus0_on_art_num": 0,
  "og_clus0_on_sec_num": 0,
  "og_clus0_on_loc_num": 10,
  "og_clus1_on_loc_num": 22,
  "og_clus2_on_loc_num": 16,
  "og_entr0_on_art_area": 0,
  "og_entr0_on_sec_area": 0,
  "og_entr0_on_loc_area": 1050.1433354527278,
  "og_entr1_on_loc_area": 1379.999999958756,
  "site_total_area": 439211.83073732385,
  "param_ogc_w": 30,
  "param_lot_art_d": 40,
  "param_lot_sec_d": 30,
  "param_lot_loc_d": 20,
  "param_lot_art_w": 40,
  "param_lot_sec_w": 20,
  "param_lot_loc_w": 10
}
